project_name,project_url,Aggregate,Binary-Artifacts,Branch-Protection,CI-Tests,CII-Best-Practices,Code-Review,Contributors,Dangerous-Workflow,Dependency-Update-Tool,Fuzzing,License,Maintained,Packaging,Pinned-Dependencies,SAST,Security-Policy,Signed-Releases,Token-Permissions,Vulnerabilities
abersheeran/rpc.py,https://github.com/abersheeran/rpc.py,3.6,10,0,0,0,0,10,10,10,0,10,0,-1,0,0,0,-1,0,5
abetlen/llama-cpp-python,https://github.com/abetlen/llama-cpp-python,5.1,10,0,10,0,1,10,10,10,0,10,10,10,0,0,0,0,0,10
adamghill/django-unicorn,https://github.com/adamghill/django-unicorn,2.6,10,0,5,0,0,10,10,0,0,10,0,-1,0,0,0,-1,0,0
adaptivescale/lxdui,https://github.com/adaptivescale/lxdui,3.4,10,0,0,0,7,10,-1,10,0,10,0,-1,0,0,0,-1,-1,0
admesh/admesh,https://github.com/admesh/admesh,3.8,10,6,0,0,4,10,10,0,0,10,0,-1,0,0,0,0,0,10
agprojects/python-cjson,https://github.com/agprojects/python-cjson,2.9,10,0,-1,0,0,10,-1,0,0,9,0,-1,-1,0,0,-1,-1,10
agronholm/cbor2,https://github.com/agronholm/cbor2,4.9,10,0,10,0,2,10,10,0,10,10,5,10,0,1,0,-1,0,10
aimhubio/aim,https://github.com/aimhubio/aim,5.1,10,6,1,0,7,10,10,10,0,10,9,-1,0,0,0,-1,0,0
ajenti/ajenti,https://github.com/ajenti/ajenti,5.2,10,3,8,0,1,10,10,10,0,10,9,-1,0,9,0,-1,0,3
allegro/bigflow,https://github.com/allegro/bigflow,4.5,10,8,3,0,7,10,10,10,0,9,0,-1,0,0,0,-1,0,0
anibali/pywebp,https://github.com/anibali/pywebp,3,10,0,6,0,1,3,10,10,0,10,0,-1,0,0,0,0,0,0
anorov/cloudflare-scrape,https://github.com/anorov/cloudflare-scrape,1.6,10,0,0,0,2,0,-1,0,0,10,0,-1,-1,0,0,-1,-1,0
ansible/galaxy-importer,https://github.com/ansible/galaxy-importer,6.2,10,8,10,0,10,10,10,0,0,10,10,10,0,4,0,-1,0,10
anthraxx/diffoscope,https://github.com/anthraxx/diffoscope,1.9,0,0,-1,0,0,10,-1,0,0,10,0,-1,-1,0,0,-1,-1,10
antonkueltz/fastecdsa,https://github.com/antonkueltz/fastecdsa,2.6,10,0,0,0,1,0,-1,0,0,10,0,-1,-1,0,0,-1,-1,10
anymail/django-anymail,https://github.com/anymail/django-anymail,4.7,10,3,10,0,0,10,10,0,0,10,10,-1,1,8,0,0,0,10
apple/ccs-pykerberos,https://github.com/apple/ccs-pykerberos,2.7,10,0,0,0,0,10,-1,0,0,10,0,-1,0,0,0,-1,-1,10
arachnys/cabot,https://github.com/arachnys/cabot,2.1,10,0,0,2,4,10,-1,0,0,10,0,-1,0,0,0,-1,-1,0
archesproject/arches,https://github.com/archesproject/arches,5.5,10,5,10,0,10,10,10,10,0,10,10,-1,0,0,0,-1,0,0
aresch/rencode,https://github.com/aresch/rencode,2.9,10,0,0,0,2,6,-1,0,0,10,0,-1,-1,0,0,-1,-1,10
arjunsharda/passeo,https://github.com/arjunsharda/passeo,4.6,10,6,0,0,0,10,10,0,0,10,0,-1,1,0,0,-1,10,10
arrayfire/arrayfire-rust,https://github.com/arrayfire/arrayfire-rust,4.2,10,8,0,0,4,10,10,0,0,10,0,-1,0,0,0,-1,0,10
aubio/aubio,https://github.com/aubio/aubio,3.6,10,6,-1,0,0,10,-1,0,0,10,0,-1,-1,0,0,-1,-1,10
backblaze/b2-sdk-python,https://github.com/backblaze/b2-sdk-python,5.1,10,0,8,0,2,10,10,10,0,9,10,10,0,0,0,0,0,10
backblaze/b2_command_line_tool,https://github.com/backblaze/b2_command_line_tool,4.9,10,0,8,0,0,10,10,10,0,9,10,10,0,0,0,0,0,9
bandoche/pypinksign,https://github.com/bandoche/pypinksign,3.7,10,3,0,0,0,6,-1,10,0,10,0,-1,-1,0,0,0,-1,10
bbangert/beaker,https://github.com/bbangert/beaker,3.5,10,0,0,0,4,10,10,0,0,9,0,-1,0,0,0,-1,0,10
bbengfort/confire,https://github.com/bbengfort/confire,2.3,10,0,0,0,0,10,-1,0,0,10,0,-1,-1,0,0,-1,-1,5
beancount/fava,https://github.com/beancount/fava,5.3,9,3,10,0,0,10,10,10,0,10,10,-1,0,0,0,-1,0,10
belangeo/pyo,https://github.com/belangeo/pyo,3.1,10,0,0,0,0,6,10,0,0,10,0,-1,0,0,0,-1,0,10
benbusby/whoogle-search,https://github.com/benbusby/whoogle-search,5.5,10,0,10,0,5,6,10,10,0,10,10,10,0,0,0,-1,0,8
benoitc/restkit,https://github.com/benoitc/restkit,3,10,0,0,0,2,10,-1,0,0,9,0,-1,-1,0,0,-1,-1,10
bhch/django-jsonform,https://github.com/bhch/django-jsonform,3.9,10,0,8,0,2,0,10,0,0,10,10,-1,0,0,0,0,0,10
blackducksoftware/hub-rest-api-python,https://github.com/blackducksoftware/hub-rest-api-python,6.6,10,6,10,0,2,10,10,10,0,10,6,-1,0,10,0,-1,9,9
blakeblackshear/frigate,https://github.com/blakeblackshear/frigate,6.3,10,6,10,0,10,10,10,10,0,10,10,10,1,8,0,-1,0,0
blue-yonder/postgraas_server,https://github.com/blue-yonder/postgraas_server,3.4,10,3,0,0,3,6,-1,0,0,10,0,-1,-1,0,0,-1,-1,10
bndr/pipreqs,https://github.com/bndr/pipreqs,4.2,10,0,8,0,7,10,10,10,0,10,0,-1,0,0,0,-1,0,2
bottlepy/bottle,https://github.com/bottlepy/bottle,4,10,0,2,0,2,10,10,0,0,10,10,-1,0,0,0,0,0,10
bram85/topydo,https://github.com/bram85/topydo,3,10,0,0,0,1,6,10,0,0,10,0,-1,0,0,0,0,0,10
buildbot/buildbot,https://github.com/buildbot/buildbot,6.3,10,3,10,0,10,10,10,10,0,10,10,-1,0,0,0,8,10,0
byvoid/opencc,https://github.com/byvoid/opencc,3.6,10,0,8,0,1,10,10,0,0,10,8,-1,0,1,0,0,0,6
carglglz/upydev,https://github.com/carglglz/upydev,2.7,10,0,0,0,5,0,-1,0,0,10,0,-1,-1,0,0,0,-1,10
carltongibson/django-filter,https://github.com/carltongibson/django-filter,5.6,10,0,9,0,6,10,10,10,0,9,10,-1,0,0,0,-1,0,10
ccrisan/motioneye,https://github.com/ccrisan/motioneye,5.8,10,6,10,0,8,10,0,10,0,10,5,10,0,0,0,-1,10,10
cdent/paste,https://github.com/cdent/paste,3.5,10,0,8,0,4,10,10,0,0,9,0,-1,0,0,0,0,0,10
celery/django-celery-results,https://github.com/celery/django-celery-results,5,10,3,7,0,6,10,10,0,0,9,6,-1,0,7,0,-1,0,10
ceph/ceph-deploy,https://github.com/ceph/ceph-deploy,3.4,10,1,0,0,6,10,-1,0,0,10,0,-1,0,0,0,-1,-1,10
cgohlke/imagecodecs,https://github.com/cgohlke/imagecodecs,3.4,10,0,-1,0,0,3,-1,0,0,10,10,-1,-1,0,0,0,-1,10
chainer/chainerrl-visualizer,https://github.com/chainer/chainerrl-visualizer,2.2,10,0,0,0,4,10,-1,0,0,10,0,-1,-1,0,0,-1,-1,0
cheetahtemplate/cheetah,https://github.com/cheetahtemplate/cheetah,2.4,8,0,0,0,1,0,-1,0,0,9,0,-1,-1,0,0,-1,-1,10
clinical-genomics/cg,https://github.com/clinical-genomics/cg,6.5,10,8,10,0,5,10,10,10,0,0,10,10,0,10,0,-1,0,8
clusterlabs/crmsh,https://github.com/clusterlabs/crmsh,5.5,10,6,5,0,10,10,10,0,0,10,10,-1,0,0,0,-1,0,10
cmusatyalab/opendiamond,https://github.com/cmusatyalab/opendiamond,2.7,10,0,0,0,0,10,-1,0,0,10,0,-1,0,0,0,-1,-1,10
coala/git-url-parse,https://github.com/coala/git-url-parse,2.7,10,0,0,0,1,3,-1,0,0,10,0,-1,-1,0,0,-1,-1,10
cocagne/pysrp,https://github.com/cocagne/pysrp,4.2,10,0,0,0,6,3,-1,0,0,10,9,-1,-1,0,0,-1,-1,10
coderedcorp/coderedcms,https://github.com/coderedcorp/coderedcms,3.1,10,0,8,0,2,3,-1,0,0,9,0,-1,-1,0,0,-1,-1,10
coleifer/sqlite-web,https://github.com/coleifer/sqlite-web,2.8,10,0,0,0,1,0,-1,0,0,10,4,-1,0,0,0,-1,-1,10
collective/collective.contact.widget,https://github.com/collective/collective.contact.widget,2.5,10,0,0,0,0,10,-1,0,0,0,0,-1,-1,0,0,-1,-1,10
collective/collective.dms.basecontent,https://github.com/collective/collective.dms.basecontent,2.3,10,0,0,0,0,10,-1,0,0,0,0,-1,-1,0,0,-1,-1,8
collective/collective.task,https://github.com/collective/collective.task,2.3,10,0,0,0,0,10,-1,0,0,0,0,-1,-1,0,0,-1,-1,8
cookiecutter/cookiecutter,https://github.com/cookiecutter/cookiecutter,5.8,10,7,10,0,9,10,10,10,0,10,0,10,0,0,0,-1,0,10
corydolphin/flask-cors,https://github.com/corydolphin/flask-cors,5.3,10,3,2,0,6,10,10,10,0,10,6,10,0,0,0,-1,0,7
crossbario/autobahn-python,https://github.com/crossbario/autobahn-python,4.2,10,3,2,0,4,10,10,0,0,10,0,10,0,0,0,-1,0,10
csaf-tools/cvrf-csaf-converter,https://github.com/csaf-tools/cvrf-csaf-converter,4.4,10,6,0,0,5,6,10,0,0,10,0,-1,0,7,0,-1,0,10
cvxopt/cvxopt,https://github.com/cvxopt/cvxopt,3.5,10,3,1,0,3,0,10,0,0,9,0,-1,0,0,0,-1,0,10
cyanomiko/dcnnt-py,https://github.com/cyanomiko/dcnnt-py,2.5,10,0,0,0,0,0,-1,0,0,10,0,-1,-1,0,0,-1,-1,10
cyber-domain-ontology/cdo-utility-local-uuid,https://github.com/cyber-domain-ontology/cdo-utility-local-uuid,4.3,10,0,10,0,5,10,10,0,0,10,5,-1,0,0,0,-1,0,10
cyface/django-termsandconditions,https://github.com/cyface/django-termsandconditions,5.3,10,0,10,0,-1,10,10,10,0,10,7,-1,0,0,0,-1,0,10
d0c-s4vage/lookatme,https://github.com/d0c-s4vage/lookatme,3,10,3,0,0,1,0,10,0,0,10,0,-1,0,0,0,0,0,10
danijar/definitions,https://github.com/danijar/definitions,2.4,10,0,-1,0,0,6,-1,0,0,0,0,-1,-1,0,0,-1,-1,10
darrenofficial/dpaste,https://github.com/darrenofficial/dpaste,5.5,10,6,1,0,2,10,10,10,0,10,3,10,0,7,0,-1,0,9
davedoesdev/python-jwt,https://github.com/davedoesdev/python-jwt,2.8,10,0,-1,0,0,0,10,0,0,10,0,-1,0,0,0,-1,0,7
dbcli/mycli,https://github.com/dbcli/mycli,4.1,10,0,7,0,6,10,10,0,0,9,0,-1,0,3,0,-1,0,10
ddmal/mei2volpiano,https://github.com/ddmal/mei2volpiano,3.3,10,6,0,0,5,10,10,0,0,10,0,-1,0,0,0,-1,0,0
dedsecinside/torbot,https://github.com/dedsecinside/torbot,4.5,10,1,10,0,1,10,10,10,0,9,2,-1,0,6,0,0,0,9
deluge-torrent/deluge,https://github.com/deluge-torrent/deluge,4.1,10,0,-1,0,0,10,10,0,0,9,10,-1,0,0,0,-1,0,10
devsnd/cherrymusic,https://github.com/devsnd/cherrymusic,3,10,0,0,0,1,10,-1,0,0,10,0,-1,-1,0,0,-1,-1,10
dexter2206/ymlref,https://github.com/dexter2206/ymlref,2.6,10,0,0,0,0,3,-1,0,0,10,0,-1,-1,0,0,-1,-1,10
dgilland/pydash,https://github.com/dgilland/pydash,3.6,10,0,10,0,3,6,10,0,0,10,0,-1,0,0,0,-1,0,10
dgtlmoon/changedetection.io,https://github.com/dgtlmoon/changedetection.io,5.5,10,0,10,0,1,0,10,10,0,10,10,10,0,7,0,-1,0,9
diffsk/configobj,https://github.com/diffsk/configobj,4.2,10,3,3,0,2,10,10,0,0,9,10,-1,0,0,0,0,0,10
divio/django-cms,https://github.com/divio/django-cms,6.2,10,6,10,0,10,10,10,10,0,10,10,10,0,7,0,-1,0,0
django-ses/django-ses,https://github.com/django-ses/django-ses,5.8,10,3,9,0,6,10,10,10,0,10,8,10,0,0,0,-1,0,9
django-wiki/django-wiki,https://github.com/django-wiki/django-wiki,5.9,10,1,10,0,4,10,-1,10,0,10,10,-1,-1,0,0,-1,-1,10
djblets/djblets,https://github.com/djblets/djblets,4.4,10,0,-1,0,0,10,-1,10,0,0,10,-1,-1,0,0,-1,-1,6
dmwm/wmcore,https://github.com/dmwm/wmcore,5.2,10,0,8,0,5,10,10,10,0,10,10,-1,0,0,0,-1,0,6
drakkar-software/octobot,https://github.com/drakkar-software/octobot,6.2,10,8,10,0,10,10,10,10,0,10,10,10,0,0,0,0,0,9
dscho/hg,https://github.com/dscho/hg,2.8,10,0,-1,0,0,10,-1,0,0,10,0,-1,0,0,0,-1,-1,10
dw/mitogen,https://github.com/dw/mitogen,3.5,6,1,10,0,0,6,10,0,0,10,10,-1,0,0,0,0,0,8
embedchain/embedchain,https://github.com/embedchain/embedchain,4.4,10,3,4,0,6,10,10,0,0,10,10,10,0,0,0,-1,0,0
erinxocon/requests-xml,https://github.com/erinxocon/requests-xml,1.6,10,0,-1,0,0,3,-1,0,0,10,0,-1,-1,0,0,-1,-1,0
espressif/esptool,https://github.com/espressif/esptool,2.5,1,3,10,0,0,10,0,0,0,10,10,-1,0,0,0,0,0,10
ethereum/eth-abi,https://github.com/ethereum/eth-abi,3.7,10,3,8,0,5,10,-1,0,0,10,0,-1,0,0,0,-1,-1,10
ethereum/eth-account,https://github.com/ethereum/eth-account,5.7,10,3,10,0,4,10,-1,10,0,10,10,-1,0,0,0,-1,-1,10
ethereum/py-evm,https://github.com/ethereum/py-evm,4.1,10,3,10,0,5,10,-1,0,0,10,3,-1,0,0,0,-1,-1,10
eugeny/ajenti,https://github.com/eugeny/ajenti,1.4,10,0,-1,0,0,10,-1,0,0,0,0,-1,0,0,0,-1,-1,0
excid3/python-apt,https://github.com/excid3/python-apt,3,10,0,0,0,5,0,-1,0,0,10,0,-1,-1,0,0,-1,-1,10
faucetsdn/ryu,https://github.com/faucetsdn/ryu,5.5,10,8,0,0,10,10,10,10,0,10,0,-1,0,0,0,-1,0,10
fedora-infra/bodhi,https://github.com/fedora-infra/bodhi,5.8,10,1,10,0,1,10,10,10,0,10,10,-1,0,10,0,-1,0,10
fedora-infra/fedmsg,https://github.com/fedora-infra/fedmsg,3.3,10,0,0,0,4,10,-1,0,0,10,0,-1,-1,0,0,-1,-1,10
fedora-infra/python-fedora,https://github.com/fedora-infra/python-fedora,3.8,10,0,0,0,5,10,-1,0,0,10,0,-1,-1,0,0,8,-1,10
felixschwarz/mjml-python,https://github.com/felixschwarz/mjml-python,4.3,10,3,10,0,0,10,10,0,0,10,3,-1,0,0,0,8,0,10
figlief/ctx,https://github.com/figlief/ctx,2.6,10,0,-1,0,0,0,-1,0,0,10,0,-1,-1,0,0,-1,-1,10
flask-middleware/flask-security,https://github.com/flask-middleware/flask-security,2.2,10,0,-1,0,0,0,-1,0,0,0,0,-1,-1,0,0,-1,-1,10
flink-extended/ai-flow,https://github.com/flink-extended/ai-flow,2.8,8,6,0,0,0,6,10,0,0,10,0,10,0,0,0,0,0,0
fluture-js/fluture-node,https://github.com/fluture-js/fluture-node,4,10,8,0,0,1,10,10,0,0,10,0,-1,0,0,0,-1,0,10
fredrik-johansson/mpmath,https://github.com/fredrik-johansson/mpmath,4.6,10,0,8,0,1,10,10,0,0,10,10,10,0,0,0,-1,0,10
freeopcua/opcua-asyncio,https://github.com/freeopcua/opcua-asyncio,6.7,10,3,10,0,8,10,10,10,0,10,10,10,0,9,0,-1,0,10
freetakteam/ui,https://github.com/freetakteam/ui,2.6,0,0,6,0,1,6,10,0,0,10,0,10,0,0,0,-1,0,5
frostming/rediswrapper,https://github.com/frostming/rediswrapper,2.7,10,0,0,0,0,3,10,0,0,10,0,-1,0,0,0,-1,0,6
furlongm/openvpn-monitor,https://github.com/furlongm/openvpn-monitor,4.4,10,3,0,0,1,10,10,10,0,10,0,-1,0,7,0,0,0,10
fusionbox/django-widgy,https://github.com/fusionbox/django-widgy,1.6,9,0,0,0,0,10,-1,0,0,9,0,-1,-1,0,0,-1,-1,0
ganga-devs/ganga,https://github.com/ganga-devs/ganga,5.2,9,8,6,0,10,10,0,10,0,10,8,-1,0,0,0,-1,0,10
gevent/gevent,https://github.com/gevent/gevent,4.8,10,0,6,0,0,10,10,10,0,9,10,10,0,0,0,0,0,9
giampaolo/pyftpdlib,https://github.com/giampaolo/pyftpdlib,4.1,10,0,7,0,0,6,10,0,0,10,10,-1,0,0,0,-1,0,10
git-big-picture/git-big-picture,https://github.com/git-big-picture/git-big-picture,5.4,10,0,10,0,0,10,10,10,0,10,10,-1,5,0,0,-1,0,10
grahamdumpleton/mod_wsgi,https://github.com/grahamdumpleton/mod_wsgi,4.1,10,0,0,0,1,10,10,0,0,10,10,-1,0,0,0,-1,0,10
gramaddict/bot,https://github.com/gramaddict/bot,4.3,10,3,5,0,0,10,10,10,0,10,0,-1,0,0,0,-1,0,8
graphite-project/graphite-web,https://github.com/graphite-project/graphite-web,6.1,10,3,10,0,2,10,10,10,0,10,10,-1,0,10,0,-1,0,10
guake/guake,https://github.com/guake/guake,5.1,10,6,3,0,5,10,10,10,0,10,8,10,0,0,0,-1,0,0
gventuri/pandas-ai,https://github.com/gventuri/pandas-ai,3.7,10,1,1,0,5,10,10,0,0,9,10,-1,0,0,0,-1,0,0
hail-is/hail,https://github.com/hail-is/hail,6.5,5,8,8,0,10,10,-1,10,0,10,10,-1,-1,0,0,-1,-1,8
hanwentao/html2csv,https://github.com/hanwentao/html2csv,2.1,10,0,0,0,0,6,-1,0,0,10,0,-1,-1,0,0,-1,-1,4
hatchetation/freeipa,https://github.com/hatchetation/freeipa,3,10,0,-1,0,0,10,-1,0,0,10,0,-1,-1,0,0,-1,-1,10
html5lib/html5lib-python,https://github.com/html5lib/html5lib-python,5,10,8,1,0,7,10,10,0,10,10,0,-1,0,0,0,-1,0,10
humansignal/label-studio,https://github.com/humansignal/label-studio,3.7,8,2,10,0,5,10,0,10,0,10,10,-1,0,7,0,0,0,0
hydralabs/pyamf,https://github.com/hydralabs/pyamf,2.4,10,0,0,0,0,10,-1,0,0,9,0,-1,0,0,0,0,-1,10
i3thuan5/tuitse-tsusin,https://github.com/i3thuan5/tuitse-tsusin,5.6,10,8,10,0,10,3,-1,0,0,10,0,-1,-1,10,0,-1,-1,10
ierror/django-js-reverse,https://github.com/ierror/django-js-reverse,3.3,10,0,0,0,3,10,10,0,0,10,0,-1,0,0,0,-1,0,8
ijl/orjson,https://github.com/ijl/orjson,4.7,10,0,-1,0,0,10,10,0,10,10,10,-1,0,0,0,-1,0,10
ilanschnell/bsdiff4,https://github.com/ilanschnell/bsdiff4,3.9,10,0,0,0,0,0,10,0,0,9,8,10,0,0,0,-1,0,10
illagrenan/django-make-app,https://github.com/illagrenan/django-make-app,2.2,10,0,-1,0,0,10,-1,0,0,10,0,-1,-1,0,0,-1,-1,3
impredicative/bitlyshortener,https://github.com/impredicative/bitlyshortener,3.1,10,0,-1,0,0,0,10,0,0,10,0,-1,0,0,0,-1,0,10
inveniosoftware/invenio-app,https://github.com/inveniosoftware/invenio-app,4.3,10,3,4,0,5,10,10,0,0,10,0,10,0,0,0,-1,0,10
inventree/inventree-python,https://github.com/inventree/inventree-python,3.8,10,3,10,0,2,6,10,0,0,10,10,-1,0,0,0,-1,0,0
ipsilon-project/ipsilon,https://github.com/ipsilon-project/ipsilon,2.8,10,0,-1,0,0,10,-1,0,0,10,0,-1,0,0,0,-1,-1,10
irmen/pyro3,https://github.com/irmen/pyro3,2.6,10,0,-1,0,0,0,-1,0,0,10,0,-1,-1,0,0,-1,-1,10
iterative/pydrive2,https://github.com/iterative/pydrive2,4.5,10,6,10,0,5,10,0,10,0,9,1,10,0,0,0,-1,0,10
jamesturk/django-markupfield,https://github.com/jamesturk/django-markupfield,4.2,10,0,5,0,0,10,10,10,0,9,0,-1,0,0,0,-1,0,10
jaspernbrouwer/powerline-gitstatus,https://github.com/jaspernbrouwer/powerline-gitstatus,3.8,10,0,0,0,2,10,-1,0,0,10,7,-1,-1,0,0,-1,-1,10
jaypipes/python-glanceclient,https://github.com/jaypipes/python-glanceclient,2.8,10,0,0,0,3,0,-1,0,0,9,0,-1,-1,0,0,-1,-1,10
jborg/attic,https://github.com/jborg/attic,2.7,10,0,0,0,1,6,-1,0,0,9,0,-1,-1,0,0,-1,-1,9
jdennis/keycloak-httpd-client-install,https://github.com/jdennis/keycloak-httpd-client-install,2.4,10,0,0,0,1,0,-1,0,0,10,0,-1,-1,0,0,0,-1,10
jnwatson/py-lmdb,https://github.com/jnwatson/py-lmdb,3.6,10,0,1,0,0,10,10,0,0,9,0,10,0,0,0,-1,0,10
joajfreitas/marcador,https://github.com/joajfreitas/marcador,3.5,10,6,10,0,0,0,10,0,0,10,0,-1,0,0,0,0,0,10
joblib/joblib,https://github.com/joblib/joblib,4.7,10,3,7,0,5,10,-1,0,10,10,3,-1,0,0,0,-1,-1,10
joestump/python-oauth2,https://github.com/joestump/python-oauth2,3.2,10,0,0,0,6,10,-1,0,0,10,0,-1,-1,0,0,-1,-1,7
joniles/mpxj,https://github.com/joniles/mpxj,3.2,0,0,0,0,0,0,-1,10,0,10,10,-1,-1,0,0,0,-1,10
jrspruitt/ubi_reader,https://github.com/jrspruitt/ubi_reader,3.9,10,1,0,0,7,10,10,0,0,10,0,-1,0,0,0,-1,0,10
jupyterhub/binderhub,https://github.com/jupyterhub/binderhub,5.6,10,3,9,0,8,10,10,10,0,10,10,-1,0,0,0,-1,0,5
jupyterhub/dockerspawner,https://github.com/jupyterhub/dockerspawner,4.7,10,3,9,0,1,10,10,10,0,10,0,10,0,0,0,-1,0,8
jupyterhub/firstuseauthenticator,https://github.com/jupyterhub/firstuseauthenticator,5.6,10,3,2,0,4,10,10,10,0,10,9,10,0,0,0,-1,0,10
jupyterhub/jupyter-server-proxy,https://github.com/jupyterhub/jupyter-server-proxy,6.2,10,3,10,0,7,10,10,10,0,10,10,10,0,0,0,-1,0,10
jupyterhub/kubespawner,https://github.com/jupyterhub/kubespawner,5.9,10,3,5,0,5,10,10,10,0,10,10,10,0,0,0,-1,0,10
jupyterhub/nbgitpuller,https://github.com/jupyterhub/nbgitpuller,5.6,10,3,10,0,6,10,10,10,0,10,4,10,0,0,0,-1,0,10
jupyterhub/oauthenticator,https://github.com/jupyterhub/oauthenticator,6.2,10,3,10,0,7,10,10,10,0,10,10,10,0,0,0,-1,0,10
jwilk-archive/ocrodjvu,https://github.com/jwilk-archive/ocrodjvu,3.4,10,0,-1,0,0,0,10,0,0,10,0,-1,0,0,0,8,0,10
kakwa/ldapcherry,https://github.com/kakwa/ldapcherry,3.9,10,0,0,0,3,0,10,10,0,10,0,-1,0,0,0,-1,0,9
kinto/kinto-attachment,https://github.com/kinto/kinto-attachment,5.9,10,6,10,0,6,10,10,10,0,10,5,10,0,0,0,-1,0,10
kiorky/soappy,https://github.com/kiorky/soappy,2.9,10,0,0,0,1,10,-1,0,0,9,0,-1,-1,0,0,-1,-1,10
kludex/python-multipart,https://github.com/kludex/python-multipart,6.4,10,3,10,0,4,10,10,10,10,9,10,10,0,0,0,-1,0,10
knugihk/whatsapp-chat-exporter,https://github.com/knugihk/whatsapp-chat-exporter,4.8,10,0,-1,0,0,6,10,0,0,10,10,10,0,0,0,0,10,10
koji-project/koji,https://github.com/koji-project/koji,2.7,0,0,-1,0,0,10,-1,0,0,9,10,-1,0,0,0,-1,-1,10
kozea/cairosvg,https://github.com/kozea/cairosvg,3.8,10,0,7,0,1,10,10,0,0,10,4,-1,0,0,0,-1,0,10
kozea/radicale,https://github.com/kozea/radicale,4.7,10,0,10,0,1,10,10,0,0,10,10,10,0,0,0,-1,0,10
kozea/weasyprint,https://github.com/kozea/weasyprint,4.1,10,0,10,0,1,10,10,0,0,10,10,-1,0,0,0,0,0,10
krateng/maloja,https://github.com/krateng/maloja,3.2,10,0,0,0,0,10,10,0,0,10,0,10,5,0,0,-1,0,2
kurtmckee/feedparser,https://github.com/kurtmckee/feedparser,5.8,10,3,10,0,2,10,10,10,0,9,10,-1,5,0,0,-1,0,10
latchset/kdcproxy,https://github.com/latchset/kdcproxy,3.7,10,3,0,0,5,10,10,0,0,10,0,-1,0,0,0,1,0,10
legrandin/pycrypto,https://github.com/legrandin/pycrypto,2.8,10,0,-1,0,0,10,-1,0,0,9,0,-1,-1,0,0,-1,-1,9
legrandin/pycryptodome,https://github.com/legrandin/pycryptodome,5.6,10,0,10,0,0,10,10,0,10,9,10,-1,0,10,0,8,0,10
lenovo/antilles,https://github.com/lenovo/antilles,1.5,10,0,0,0,1,3,-1,0,0,10,0,-1,-1,0,0,0,-1,0
leo-editor/leo-editor,https://github.com/leo-editor/leo-editor,5,9,7,0,0,4,10,-1,0,0,9,10,-1,-1,0,0,-1,-1,10
lepture/mistune,https://github.com/lepture/mistune,4.3,10,0,5,0,3,10,10,0,0,10,5,10,0,0,0,-1,0,10
lief-project/lief,https://github.com/lief-project/lief,4,7,0,0,0,0,10,10,0,10,10,10,-1,0,0,0,0,0,10
liftoff/gateone,https://github.com/liftoff/gateone,2.7,10,0,0,0,1,10,-1,0,0,9,0,-1,0,0,0,-1,-1,10
lingthio/flask-user,https://github.com/lingthio/flask-user,2.2,10,0,0,0,2,10,-1,0,0,10,0,-1,-1,0,0,-1,-1,2
linotp/linotp,https://github.com/linotp/linotp,2.4,7,0,-1,0,0,10,-1,0,0,10,10,-1,0,0,0,-1,-1,0
linuxmint/aptdaemon,https://github.com/linuxmint/aptdaemon,1.7,0,0,-1,0,0,6,-1,0,0,10,0,-1,-1,0,0,-1,-1,10
localstack/localstack,https://github.com/localstack/localstack,6.1,9,3,10,0,10,10,10,10,0,9,10,10,1,0,0,-1,0,7
mage-ai/mage-ai,https://github.com/mage-ai/mage-ai,4.7,8,0,9,0,7,10,10,0,0,10,10,10,0,9,0,-1,0,0
mapproxy/mapproxy,https://github.com/mapproxy/mapproxy,5.5,10,0,3,0,9,10,10,10,0,10,10,10,0,0,0,0,0,10
mardiros/pyshop,https://github.com/mardiros/pyshop,2.7,10,0,0,0,0,10,-1,0,0,10,0,-1,0,0,0,-1,-1,10
martinpitt/python-dbusmock,https://github.com/martinpitt/python-dbusmock,4.9,10,3,10,0,5,10,10,0,0,10,10,10,1,0,0,0,0,10
matthiask/html-sanitizer,https://github.com/matthiask/html-sanitizer,3.5,10,0,7,0,1,10,10,0,0,10,0,-1,0,0,0,-1,0,10
mchehab/zbar,https://github.com/mchehab/zbar,3,10,0,0,0,0,10,10,0,0,10,0,-1,0,0,0,0,0,10
mechanicalsoup/mechanicalsoup,https://github.com/mechanicalsoup/mechanicalsoup,4.6,10,3,6,0,2,10,10,10,0,10,0,-1,0,8,0,-1,0,4
meraki/dashboard-api-python,https://github.com/meraki/dashboard-api-python,5.5,10,1,8,0,0,3,10,10,0,10,10,10,0,7,0,-1,0,9
messense/aliyundrive-webdav,https://github.com/messense/aliyundrive-webdav,4.4,10,3,10,0,4,10,10,10,0,10,0,10,0,0,0,0,0,4
mhammond/pywin32,https://github.com/mhammond/pywin32,4.5,8,3,8,0,9,10,10,0,0,0,10,-1,0,0,0,0,0,10
mher/flower,https://github.com/mher/flower,5.2,10,3,6,0,4,10,10,10,0,9,2,10,0,0,0,-1,0,10
michael-lazar/rtv,https://github.com/michael-lazar/rtv,2.6,10,0,0,0,1,10,-1,0,0,10,0,-1,-1,0,0,-1,-1,7
micropyramid/django-crm,https://github.com/micropyramid/django-crm,3.4,10,0,5,0,5,10,10,0,0,10,0,-1,0,8,0,-1,0,0
mithril-security/sgx-dcap-quote-verify-python,https://github.com/mithril-security/sgx-dcap-quote-verify-python,3.6,10,0,-1,0,0,0,10,10,0,0,0,-1,0,0,0,-1,0,10
mkalioby/django-mfa2,https://github.com/mkalioby/django-mfa2,3.3,10,0,6,0,1,10,-1,10,0,10,1,-1,-1,0,0,-1,-1,0
mkdocs/mkdocs,https://github.com/mkdocs/mkdocs,5.8,10,6,10,0,9,10,10,0,0,10,10,10,0,0,0,-1,0,10
mkomitee/requests-kerberos,https://github.com/mkomitee/requests-kerberos,1.7,10,0,-1,0,0,10,-1,0,0,9,0,-1,0,0,0,-1,-1,0
modoboa/modoboa-dmarc,https://github.com/modoboa/modoboa-dmarc,3.4,10,0,0,0,2,10,10,10,0,10,0,-1,0,0,0,-1,0,0
moinwiki/moin-1.9,https://github.com/moinwiki/moin-1.9,3,1,0,0,0,2,10,-1,0,0,9,4,-1,-1,0,0,8,-1,10
mongodb/mongo-python-driver,https://github.com/mongodb/mongo-python-driver,7,10,5,10,0,10,10,10,10,0,10,10,-1,0,10,0,8,0,10
morgan-phoenix/enrocrypt,https://github.com/morgan-phoenix/enrocrypt,4.1,10,0,0,0,0,0,10,10,0,10,0,-1,0,7,0,-1,0,9
mozilla/pollbot,https://github.com/mozilla/pollbot,5.7,10,6,10,0,3,10,-1,10,0,10,10,-1,0,0,0,-1,-1,8
mpdavis/python-jose,https://github.com/mpdavis/python-jose,5,10,3,0,0,2,10,10,10,10,10,0,-1,0,0,0,-1,0,10
msabramo/kallithea,https://github.com/msabramo/kallithea,2.8,10,0,0,0,0,10,-1,0,0,9,0,-1,-1,0,0,-1,-1,10
mubarakalmehairbi/toui,https://github.com/mubarakalmehairbi/toui,3.9,10,0,-1,0,0,0,10,0,0,10,0,-1,0,10,0,-1,9,5
mvpoland/django-ajax-utilities,https://github.com/mvpoland/django-ajax-utilities,2.8,10,0,-1,0,0,6,-1,0,0,10,0,-1,-1,0,0,-1,-1,10
mwiatrzyk/pydio,https://github.com/mwiatrzyk/pydio,1.9,10,4,0,0,0,0,-1,0,0,10,0,-1,-1,0,0,-1,-1,0
mymarilyn/clickhouse-driver,https://github.com/mymarilyn/clickhouse-driver,5.4,10,3,10,0,0,10,10,10,0,9,10,-1,0,0,0,-1,0,10
nameko/nameko,https://github.com/nameko/nameko,4,10,1,0,0,4,10,10,0,0,10,0,10,0,0,0,-1,0,10
naparuba/shinken,https://github.com/naparuba/shinken,3.2,10,0,0,0,5,10,-1,0,0,10,0,-1,0,0,0,-1,-1,10
netflix/consoleme,https://github.com/netflix/consoleme,5.3,10,8,0,0,9,10,10,10,0,10,0,10,0,7,0,-1,0,0
netflix/security_monkey,https://github.com/netflix/security_monkey,1.7,10,0,0,0,2,10,-1,0,0,10,0,-1,0,0,0,0,-1,0
nexb/scancode.io,https://github.com/nexb/scancode.io,4.5,8,3,10,0,2,10,10,0,0,10,10,10,0,0,0,0,0,10
nexmirror/kallithea,https://github.com/nexmirror/kallithea,1.7,10,0,-1,0,0,10,-1,0,0,9,0,-1,0,0,0,-1,-1,0
nicfit/eyed3,https://github.com/nicfit/eyed3,3.8,10,3,1,0,2,10,10,10,0,10,1,-1,0,7,0,0,0,0
nicotine-plus/nicotine-plus,https://github.com/nicotine-plus/nicotine-plus,4.2,10,1,10,0,1,10,10,0,0,10,10,-1,0,0,0,0,0,10
nitely/spirit,https://github.com/nitely/spirit,2.2,10,0,0,0,0,0,10,0,0,10,0,-1,0,0,0,-1,0,0
nmslib/hnswlib,https://github.com/nmslib/hnswlib,4.4,10,0,10,0,9,10,10,0,0,10,2,-1,0,0,0,-1,0,10
nonebot/nonebot2,https://github.com/nonebot/nonebot2,5.8,10,6,10,0,1,10,10,10,0,10,10,10,0,9,0,0,0,8
nvbn/thefuck,https://github.com/nvbn/thefuck,3.6,10,0,0,0,7,10,10,0,0,10,0,-1,0,0,0,-1,0,8
nvidia/nemo,https://github.com/nvidia/nemo,5.2,10,8,10,0,8,10,0,10,0,10,10,10,0,10,0,0,0,3
nvidia/nvflare,https://github.com/nvidia/nvflare,5.6,10,1,10,0,10,3,10,10,0,10,10,-1,0,10,0,-1,0,0
nyuccl/psiturk,https://github.com/nyuccl/psiturk,3.3,10,0,0,0,1,10,10,0,0,10,0,-1,0,0,0,-1,0,10
oisf/suricata-update,https://github.com/oisf/suricata-update,4.2,10,0,8,0,1,6,10,0,0,10,0,-1,0,0,0,-1,10,10
onionshare/onionshare,https://github.com/onionshare/onionshare,6,10,6,10,0,10,10,10,10,0,9,10,-1,0,10,0,4,0,0
onshift/turbogears,https://github.com/onshift/turbogears,3.9,10,0,0,0,10,10,-1,0,0,9,0,-1,-1,0,0,-1,-1,10
open-iscsi/rtslib-fb,https://github.com/open-iscsi/rtslib-fb,3.9,10,0,0,0,6,6,10,0,0,10,4,-1,0,0,0,-1,0,10
opencv/opencv-python,https://github.com/opencv/opencv-python,4.3,10,6,8,0,3,10,10,0,0,10,1,-1,0,0,0,-1,0,10
openkmip/pykmip,https://github.com/openkmip/pykmip,3.9,10,3,8,0,8,10,10,0,0,10,0,-1,0,9,0,0,0,2
openstack/barbican,https://github.com/openstack/barbican,2.2,10,0,-1,0,0,10,-1,0,0,10,5,-1,0,0,0,-1,-1,0
openstack/ceilometer,https://github.com/openstack/ceilometer,3,10,0,-1,0,0,10,-1,0,0,10,10,-1,-1,0,0,-1,-1,0
openstack/cinder,https://github.com/openstack/cinder,3,10,0,-1,0,0,10,-1,0,0,10,10,-1,-1,0,0,-1,-1,0
openstack/glance,https://github.com/openstack/glance,3,10,0,-1,0,0,10,-1,0,0,10,10,-1,-1,0,0,-1,-1,0
openstack/glance_store,https://github.com/openstack/glance_store,2.6,10,0,-1,0,0,10,-1,0,0,10,1,-1,-1,0,0,-1,-1,6
openstack/heat,https://github.com/openstack/heat,3,10,0,-1,0,0,10,-1,0,0,10,10,-1,-1,0,0,-1,-1,0
openstack/horizon,https://github.com/openstack/horizon,3.7,10,0,-1,0,0,10,-1,0,0,10,10,-1,-1,0,0,-1,-1,7
openstack/ironic,https://github.com/openstack/ironic,3,10,0,-1,0,0,10,-1,0,0,10,10,-1,-1,0,0,-1,-1,0
openstack/ironic-inspector,https://github.com/openstack/ironic-inspector,3.5,10,0,-1,0,0,10,-1,0,0,10,10,-1,-1,0,0,-1,-1,5
openstack/keystone,https://github.com/openstack/keystone,3,10,0,-1,0,0,10,-1,0,0,10,10,-1,-1,0,0,-1,-1,0
openstack/magnum,https://github.com/openstack/magnum,2.8,10,0,-1,0,0,10,-1,0,0,10,10,-1,0,0,0,-1,-1,0
openstack/manila,https://github.com/openstack/manila,3,10,0,-1,0,0,10,-1,0,0,10,10,-1,-1,0,0,-1,-1,0
openstack/mistral,https://github.com/openstack/mistral,2.8,10,0,-1,0,0,10,-1,0,0,10,10,-1,0,0,0,-1,-1,0
openstack/murano,https://github.com/openstack/murano,2.6,10,0,-1,0,0,10,-1,0,0,0,0,-1,-1,0,0,-1,-1,10
openstack/neutron,https://github.com/openstack/neutron,2.8,10,0,-1,0,0,10,-1,0,0,10,10,-1,0,0,0,-1,-1,0
openstack/nova,https://github.com/openstack/nova,3,10,0,-1,0,0,10,-1,0,0,10,10,-1,-1,0,0,-1,-1,0
openstack/nova-lxd,https://github.com/openstack/nova-lxd,2.6,10,0,-1,0,0,10,-1,0,0,0,0,-1,-1,0,0,-1,-1,10
openstack/octavia,https://github.com/openstack/octavia,3,10,0,-1,0,0,10,-1,0,0,10,10,-1,-1,0,0,-1,-1,0
openstack/os-vif,https://github.com/openstack/os-vif,3,10,0,-1,0,0,10,-1,0,0,10,1,-1,-1,0,0,-1,-1,9
openstack/oslo.utils,https://github.com/openstack/oslo.utils,3.6,10,0,-1,0,0,10,-1,0,0,10,10,-1,-1,0,0,-1,-1,6
openstack/python-keystoneclient,https://github.com/openstack/python-keystoneclient,2,10,0,-1,0,0,10,-1,0,0,9,1,-1,-1,0,0,-1,-1,1
openstack/storlets,https://github.com/openstack/storlets,3.4,10,0,-1,0,0,10,-1,0,0,10,10,-1,0,0,0,-1,-1,6
openstack/swauth,https://github.com/openstack/swauth,2.6,10,0,-1,0,0,10,-1,0,0,0,0,-1,-1,0,0,-1,-1,10
openstack/swift,https://github.com/openstack/swift,2.8,10,0,-1,0,0,10,-1,0,0,10,10,-1,0,0,0,-1,-1,0
openstack/tripleo-ansible,https://github.com/openstack/tripleo-ansible,2.6,10,0,-1,0,0,10,-1,0,0,0,0,-1,-1,0,0,-1,-1,10
openstack/tripleo-heat-templates,https://github.com/openstack/tripleo-heat-templates,2.6,10,0,-1,0,0,10,-1,0,0,0,0,-1,-1,0,0,-1,-1,10
openstack/trove,https://github.com/openstack/trove,2.8,10,0,-1,0,0,10,-1,0,0,10,10,-1,0,0,0,-1,-1,0
osuosl/twisted_vncauthproxy,https://github.com/osuosl/twisted_vncauthproxy,3.7,10,6,0,0,0,10,10,0,0,10,0,-1,0,0,0,-1,0,10
ovirt/python-ovirt-engine-sdk4,https://github.com/ovirt/python-ovirt-engine-sdk4,4.1,10,8,0,0,7,10,10,0,0,10,0,-1,0,0,0,0,0,10
pasteorg/pastescript,https://github.com/pasteorg/pastescript,3,10,0,5,0,2,10,10,0,0,0,0,-1,0,0,0,0,0,10
paulc/dnslib,https://github.com/paulc/dnslib,3.1,10,0,0,0,2,0,10,0,0,10,0,-1,0,0,0,-1,0,10
paxswill/evesrp,https://github.com/paxswill/evesrp,1.5,10,0,-1,0,0,0,-1,0,0,10,0,-1,-1,0,0,-1,-1,0
pediapress/pyfribidi,https://github.com/pediapress/pyfribidi,2.5,10,0,0,0,0,0,-1,0,0,10,0,-1,-1,0,0,-1,-1,10
peopledoc/vault-cli,https://github.com/peopledoc/vault-cli,3.9,10,3,0,0,5,10,10,0,0,9,0,-1,0,0,0,-1,0,10
petl-developers/petl,https://github.com/petl-developers/petl,5.6,10,8,10,0,0,10,10,10,0,10,0,10,0,8,0,-1,0,10
pgadmin-org/pgadmin4,https://github.com/pgadmin-org/pgadmin4,5.3,10,3,9,0,5,10,10,10,0,9,10,10,0,0,0,-1,0,2
piccolo-orm/piccolo_admin,https://github.com/piccolo-orm/piccolo_admin,5.1,10,0,10,0,1,6,10,10,0,10,10,-1,0,10,0,-1,0,3
pinaeos/py-xml,https://github.com/pinaeos/py-xml,3,10,0,-1,0,0,10,-1,0,0,10,0,-1,-1,0,0,-1,-1,10
planetlabs/planet-client-python,https://github.com/planetlabs/planet-client-python,5.1,10,0,10,0,9,10,10,0,0,10,10,-1,0,0,0,-1,0,10
plotly/dash,https://github.com/plotly/dash,6,10,8,10,0,10,10,10,10,0,10,10,-1,4,0,0,-1,0,0
poezio/slixmpp,https://github.com/poezio/slixmpp,2.9,10,0,-1,0,0,10,-1,0,0,9,0,-1,-1,0,0,-1,-1,10
poljar/matrix-nio,https://github.com/poljar/matrix-nio,6,10,4,10,0,4,10,10,10,0,9,10,10,0,0,0,-1,0,10
pubnub/javascript,https://github.com/pubnub/javascript,4.3,10,8,10,0,10,10,0,10,0,9,4,-1,2,0,0,0,0,5
puiterwijk/flask-oidc,https://github.com/puiterwijk/flask-oidc,3.1,10,0,0,0,2,10,-1,0,0,10,0,-1,-1,0,0,-1,-1,10
pyca/pyopenssl,https://github.com/pyca/pyopenssl,6.6,10,8,10,0,10,10,10,10,0,10,10,-1,1,0,0,-1,0,10
pyconuk/conferencescheduler-cli,https://github.com/pyconuk/conferencescheduler-cli,3.1,10,0,0,0,2,10,-1,0,0,10,0,-1,-1,0,0,-1,-1,10
pycrypto/pycrypto,https://github.com/pycrypto/pycrypto,3.7,10,0,-1,0,0,10,-1,0,10,9,0,-1,-1,0,0,-1,-1,10
pygments/pygments,https://github.com/pygments/pygments,5.9,10,0,6,0,4,10,10,0,10,10,10,-1,0,0,0,-1,10,10
pygresql/pygresql,https://github.com/pygresql/pygresql,3.1,10,0,-1,0,0,10,10,0,0,9,0,-1,0,0,0,0,0,10
pypa/wheel,https://github.com/pypa/wheel,5.4,10,0,10,0,3,10,10,0,10,10,8,10,0,3,0,-1,0,10
pypiserver/pypiserver,https://github.com/pypiserver/pypiserver,5.6,10,8,8,0,2,10,10,10,0,9,10,10,0,0,0,0,0,10
pyradius/pyrad,https://github.com/pyradius/pyrad,3.9,10,0,1,0,3,10,10,0,0,10,0,-1,0,7,0,-1,0,10
pytest-dev/py,https://github.com/pytest-dev/py,4.3,10,0,0,0,6,10,10,0,10,10,0,-1,0,0,0,-1,0,10
python-babel/babel,https://github.com/python-babel/babel,5.5,10,3,10,0,7,10,10,0,10,10,10,10,0,0,0,0,0,10
python-bugzilla/python-bugzilla,https://github.com/python-bugzilla/python-bugzilla,6.4,10,6,9,0,8,10,10,10,0,10,10,10,0,0,0,-1,0,10
python-hyper/hpack,https://github.com/python-hyper/hpack,4.5,10,3,0,0,1,10,10,10,0,10,1,-1,0,0,0,-1,0,10
python-openxml/python-docx,https://github.com/python-openxml/python-docx,1.9,10,0,-1,0,0,0,-1,0,0,10,0,-1,-1,0,0,-1,-1,4
python-poetry/cleo,https://github.com/python-poetry/cleo,5.5,10,8,10,0,10,10,10,10,0,10,3,-1,0,0,0,-1,0,3
python-poetry/poetry,https://github.com/python-poetry/poetry,4.3,0,8,10,0,9,10,0,10,0,10,10,10,10,0,0,0,0,0
python-restx/flask-restx,https://github.com/python-restx/flask-restx,4.6,10,1,6,0,4,10,10,10,10,9,0,-1,0,0,0,-1,0,3
python-social-auth/social-app-django,https://github.com/python-social-auth/social-app-django,5.1,10,3,10,0,6,10,10,10,0,10,10,-1,0,0,0,-1,0,0
pytroll/donfig,https://github.com/pytroll/donfig,5.6,10,0,10,0,3,10,10,10,0,10,10,10,0,0,0,-1,0,10
pyupio/dparse,https://github.com/pyupio/dparse,5.3,10,6,8,0,4,10,10,10,0,10,0,10,0,0,0,-1,0,10
rasahq/rasa,https://github.com/rasahq/rasa,6,10,8,10,0,10,10,10,10,0,10,0,10,5,10,0,-1,0,0
rdflib/pyrdfa3,https://github.com/rdflib/pyrdfa3,2.5,7,0,0,0,0,10,-1,0,0,9,0,-1,-1,0,0,-1,-1,10
readthedocs/readthedocs-sphinx-search,https://github.com/readthedocs/readthedocs-sphinx-search,4.1,10,8,0,0,4,10,-1,10,0,10,0,-1,-1,0,0,-1,-1,0
redis/redis-py,https://github.com/redis/redis-py,6.9,10,0,10,0,9,10,10,10,10,10,10,10,0,10,0,-1,0,8
refirmlabs/binwalk,https://github.com/refirmlabs/binwalk,4.3,10,0,10,0,0,10,10,0,0,10,10,-1,0,0,0,-1,0,10
refraction-ray/xalpha,https://github.com/refraction-ray/xalpha,2.8,10,0,0,0,0,10,-1,0,0,10,2,-1,-1,0,0,0,-1,10
relekang/django-nopassword,https://github.com/relekang/django-nopassword,2.8,10,0,0,0,1,10,-1,0,0,10,0,-1,-1,0,0,-1,-1,8
remarshal-project/remarshal,https://github.com/remarshal-project/remarshal,5.1,10,0,10,0,0,10,10,10,0,10,9,-1,0,0,0,-1,0,10
reviewboard/reviewboard,https://github.com/reviewboard/reviewboard,2.8,10,0,-1,0,0,10,-1,0,0,10,10,-1,0,0,0,-1,-1,0
rochacbruno/quokka,https://github.com/rochacbruno/quokka,2.7,9,0,0,0,2,10,-1,10,0,9,0,-1,0,0,0,-1,-1,0
ronf/asyncssh,https://github.com/ronf/asyncssh,3.9,10,0,5,0,0,0,10,0,0,10,10,-1,0,0,0,-1,0,10
rossant/ipycache,https://github.com/rossant/ipycache,3.5,10,0,0,0,3,10,10,0,0,10,0,-1,0,0,0,-1,0,10
roundup-tracker/roundup,https://github.com/roundup-tracker/roundup,6.7,10,3,-1,0,0,10,10,10,0,9,10,-1,2,10,0,-1,10,10
run-llama/llama-hub,https://github.com/run-llama/llama-hub,3.3,10,1,10,0,6,10,10,0,0,10,0,-1,0,0,0,-1,0,0
sa7mon/s3scanner,https://github.com/sa7mon/s3scanner,5.1,10,6,10,0,0,0,10,10,0,10,8,10,2,0,0,0,0,10
saghul/pycares,https://github.com/saghul/pycares,4.8,10,0,2,0,4,10,10,10,0,10,1,10,0,0,0,-1,0,10
sarathsp06/exotel-py,https://github.com/sarathsp06/exotel-py,2.7,10,0,0,0,1,10,-1,0,0,9,0,-1,-1,0,0,-1,-1,8
savon-noir/python-libnmap,https://github.com/savon-noir/python-libnmap,3.4,10,3,0,0,2,3,10,0,0,9,0,-1,0,0,0,-1,0,10
schettino72/sqla_yaml_fixtures,https://github.com/schettino72/sqla_yaml_fixtures,3.6,10,0,0,0,0,10,10,0,0,9,5,-1,0,0,0,-1,0,10
scottcwang/openssh_key_parser,https://github.com/scottcwang/openssh_key_parser,3,10,0,0,0,0,0,-1,0,10,10,0,-1,0,0,0,-1,-1,10
scrapy-plugins/scrapy-splash,https://github.com/scrapy-plugins/scrapy-splash,3.5,10,0,0,0,3,10,10,0,0,10,0,-1,0,0,0,-1,0,10
secdev/scapy,https://github.com/secdev/scapy,7.3,10,8,10,0,5,10,10,0,10,10,10,-1,0,10,0,-1,10,10
sehmaschine/django-grappelli,https://github.com/sehmaschine/django-grappelli,2.7,10,0,2,0,1,10,10,0,0,9,2,-1,0,0,0,-1,0,0
shuup/shuup,https://github.com/shuup/shuup,3.5,10,1,0,0,3,10,10,0,0,9,0,-1,0,0,0,-1,0,10
sickrage/sickrage,https://github.com/sickrage/sickrage,3,9,3,-1,0,0,10,-1,10,0,10,0,-1,0,0,0,-1,-1,0
simonw/datasette,https://github.com/simonw/datasette,5.4,10,0,10,0,1,10,10,10,0,10,10,10,0,0,0,-1,0,9
simonw/datasette-indieauth,https://github.com/simonw/datasette-indieauth,3.7,10,0,-1,0,0,3,10,0,0,0,0,-1,0,0,0,-1,10,10
simplejson/simplejson,https://github.com/simplejson/simplejson,4.8,10,3,3,0,3,10,10,0,10,9,3,10,0,0,0,-1,0,10
smihica/pyminizip,https://github.com/smihica/pyminizip,3.5,10,0,0,0,6,10,-1,0,0,9,0,-1,-1,0,0,-1,-1,10
snapcore/snapcraft,https://github.com/snapcore/snapcraft,6,3,8,10,0,10,10,10,10,0,10,10,-1,0,0,0,-1,0,10
sony/nnabla,https://github.com/sony/nnabla,3.3,10,0,0,0,9,10,-1,0,0,10,7,-1,0,0,0,-1,-1,0
sosreport/sos,https://github.com/sosreport/sos,5.8,10,3,10,0,9,10,10,0,0,10,10,-1,0,10,0,-1,0,10
sqlalchemy/mako,https://github.com/sqlalchemy/mako,4.3,10,0,-1,0,0,10,10,0,10,10,5,-1,0,0,0,-1,0,10
sqlfluff/sqlfluff,https://github.com/sqlfluff/sqlfluff,5.8,10,8,10,0,8,10,10,0,0,10,10,10,0,0,0,-1,0,9
starkbank/ecdsa-python,https://github.com/starkbank/ecdsa-python,4.5,10,6,0,0,4,6,-1,0,10,10,0,-1,-1,0,0,-1,-1,10
stchris/untangle,https://github.com/stchris/untangle,4.2,10,3,0,0,2,6,10,10,0,10,0,-1,0,7,0,0,0,7
stephenmcd/mezzanine,https://github.com/stephenmcd/mezzanine,3.3,10,0,0,0,1,10,10,0,0,10,0,-1,0,0,0,-1,0,10
stranger6667/pyanyapi,https://github.com/stranger6667/pyanyapi,2.6,10,0,0,0,0,3,-1,0,0,10,0,-1,-1,0,0,-1,-1,10
styria-digital/django-rest-framework-jwt,https://github.com/styria-digital/django-rest-framework-jwt,3.4,10,0,0,0,5,10,-1,0,0,10,0,-1,-1,0,0,-1,-1,10
supervisor/supervisor,https://github.com/supervisor/supervisor,3.8,10,3,2,0,3,10,10,0,0,9,1,-1,0,0,0,-1,0,10
sviehb/jefferson,https://github.com/sviehb/jefferson,2.6,10,0,0,0,0,3,-1,0,0,10,0,-1,-1,0,0,-1,-1,10
tabatkins/bikeshed,https://github.com/tabatkins/bikeshed,5,10,0,7,0,0,10,10,10,0,10,10,-1,0,0,0,-1,0,9
tadashi-aikawa/owlmixin,https://github.com/tadashi-aikawa/owlmixin,3.8,10,0,0,0,0,0,10,10,0,10,0,-1,0,0,0,-1,0,10
takluyver/pyxdg,https://github.com/takluyver/pyxdg,3.8,10,0,0,0,1,10,10,0,10,9,0,-1,0,0,0,-1,0,10
talelin/lin-cms-flask,https://github.com/talelin/lin-cms-flask,3.8,10,3,0,0,0,6,-1,10,0,9,0,-1,0,0,0,-1,-1,10
tanganelli/coapthon,https://github.com/tanganelli/coapthon,2.9,10,0,0,0,6,3,-1,0,0,10,0,-1,-1,0,0,-1,-1,7
tanganelli/coapthon3,https://github.com/tanganelli/coapthon3,3.6,10,0,0,0,9,3,-1,0,0,10,0,-1,-1,0,0,-1,-1,10
tanghaibao/jcvi,https://github.com/tanghaibao/jcvi,4.6,10,3,10,0,0,10,10,0,0,10,10,-1,0,0,0,-1,0,10
tankywoo/simiki,https://github.com/tankywoo/simiki,1.7,10,0,0,0,0,10,-1,0,0,10,0,-1,0,0,0,-1,-1,0
taxiiproject/libtaxii,https://github.com/taxiiproject/libtaxii,3.2,10,0,0,0,3,10,-1,0,0,10,0,-1,-1,0,0,-1,-1,10
terencehonles/mailman,https://github.com/terencehonles/mailman,2.9,10,0,-1,0,0,10,-1,0,0,10,0,-1,-1,0,0,-1,-1,9
tethik/flask-session-captcha,https://github.com/tethik/flask-session-captcha,4.8,10,3,10,0,1,10,10,10,0,10,4,10,1,0,0,-1,0,4
thanethomson/mlalchemy,https://github.com/thanethomson/mlalchemy,2.3,10,0,-1,0,0,3,-1,0,0,10,0,-1,-1,0,0,-1,-1,6
thufschmitt/pretix-nix,https://github.com/thufschmitt/pretix-nix,1.3,10,0,-1,0,0,6,-1,0,0,0,0,-1,-1,0,0,-1,-1,0
toastdriven/django-tastypie,https://github.com/toastdriven/django-tastypie,2.9,10,0,-1,0,0,10,-1,0,0,9,0,-1,-1,0,0,-1,-1,10
tomerfiliba-org/rpyc,https://github.com/tomerfiliba-org/rpyc,3.9,10,0,10,0,1,10,10,0,0,9,6,-1,0,0,0,2,0,10
tooxie/shiva-server,https://github.com/tooxie/shiva-server,2.9,10,0,0,0,0,10,-1,0,0,10,0,-1,-1,0,0,-1,-1,10
toumorokoshi/transmute-core,https://github.com/toumorokoshi/transmute-core,3.7,10,0,2,0,1,10,10,0,0,10,0,10,0,0,0,-1,0,10
transifex/transifex-client,https://github.com/transifex/transifex-client,4.2,10,8,0,0,9,10,-1,0,0,10,0,-1,-1,0,0,0,-1,10
trentm/python-markdown2,https://github.com/trentm/python-markdown2,4.8,10,0,10,0,6,10,10,0,0,9,10,-1,0,0,0,-1,0,10
tryton/trytond,https://github.com/tryton/trytond,3,10,0,-1,0,0,10,-1,0,0,10,0,-1,-1,0,0,-1,-1,10
twisted/txaws,https://github.com/twisted/txaws,3.4,10,0,0,0,5,10,-1,0,0,10,0,-1,-1,0,0,-1,-1,10
uisautomation/django-ucamlookup,https://github.com/uisautomation/django-ucamlookup,2,10,0,0,0,2,10,-1,0,0,9,0,-1,-1,0,0,-1,-1,0
ultrajson/ultrajson,https://github.com/ultrajson/ultrajson,6.9,10,3,10,0,10,10,10,10,10,9,10,10,0,0,0,-1,0,10
umago/virtualbmc,https://github.com/umago/virtualbmc,2.7,10,0,-1,0,0,3,-1,0,0,10,0,-1,-1,0,0,-1,-1,10
unbit/uwsgi,https://github.com/unbit/uwsgi,4.8,10,0,10,0,6,10,10,0,0,9,10,-1,0,0,0,-1,0,10
uncmath25/easy-parse,https://github.com/uncmath25/easy-parse,2.1,10,0,0,0,0,0,-1,0,0,0,0,-1,-1,0,0,-1,-1,10
vanderschaarlab/synthcity,https://github.com/vanderschaarlab/synthcity,4.9,10,6,10,0,1,6,10,10,0,10,7,-1,0,7,0,-1,0,0
vsajip/python-gnupg,https://github.com/vsajip/python-gnupg,4.4,10,0,-1,0,0,10,10,0,0,9,9,-1,0,0,0,8,0,10
wallvon/mofh,https://github.com/wallvon/mofh,3.1,10,0,0,0,0,6,10,10,0,10,0,-1,0,0,0,-1,0,0
warp-tech/russh,https://github.com/warp-tech/russh,5.4,10,0,4,0,5,10,10,10,0,9,10,-1,0,0,0,-1,0,10
wasm3/wasm3,https://github.com/wasm3/wasm3,3.5,0,0,2,0,3,10,10,0,10,10,10,-1,0,0,0,0,0,7
webmproject/libwebp,https://github.com/webmproject/libwebp,3.9,8,0,-1,0,0,10,-1,0,0,10,10,-1,-1,0,0,-1,-1,10
webrecorder/pywb,https://github.com/webrecorder/pywb,4.2,10,1,3,0,6,10,10,10,0,10,0,10,0,0,0,-1,0,0
wolfssl/wolfcrypt-py,https://github.com/wolfssl/wolfcrypt-py,6,10,6,2,0,10,10,10,0,0,0,8,-1,0,0,0,8,10,10
wordops/wordops,https://github.com/wordops/wordops,5.5,10,0,10,0,0,10,10,10,0,10,10,-1,0,10,0,-1,0,8
wsh032/fastapi-proxy-lib,https://github.com/wsh032/fastapi-proxy-lib,4.6,10,3,10,0,0,0,10,10,0,10,0,10,0,8,0,0,0,10
xi/django-mfa3,https://github.com/xi/django-mfa3,4.5,10,3,-1,0,0,0,10,10,0,10,1,10,0,0,0,-1,0,10
xsuchy/modulemd,https://github.com/xsuchy/modulemd,2.8,10,0,-1,0,0,6,-1,0,0,10,0,-1,-1,0,0,-1,-1,10
xsuchy/templated-dictionary,https://github.com/xsuchy/templated-dictionary,3.5,10,0,6,0,2,10,10,0,0,10,3,-1,0,0,0,0,0,10
yelp/osxcollector,https://github.com/yelp/osxcollector,3.1,10,0,0,0,4,6,-1,0,0,9,0,-1,-1,0,0,-1,-1,10
yt-dlp/yt-dlp,https://github.com/yt-dlp/yt-dlp,6.7,10,3,10,0,7,10,10,0,0,10,10,10,0,10,0,8,9,10
zauberzeug/nicegui,https://github.com/zauberzeug/nicegui,5.7,10,0,8,0,5,10,10,10,0,10,10,10,0,0,0,-1,0,10
zwczou/weixin-python,https://github.com/zwczou/weixin-python,2.9,10,0,0,0,6,3,-1,0,0,0,0,-1,-1,0,0,-1,-1,10